,Time,A0,A1,B0,B1,C0
0,8914002,12364,8224,4120,3,3
1,8914005,12232,8124,4064,2,3
2,8914008,12140,8050,4024,2,3
3,8914012,12064,7992,3992,2,3
4,8914015,11992,7944,3964,2,2
5,8914018,11916,7896,3940,2,2
6,8914022,11824,7844,3912,2,3
7,8914025,11760,7792,3885,2,3
8,8914028,11688,7748,3860,2,3
9,8914031,11616,7704,3836,2,2
10,8914035,11552,7656,3812,2,3
11,8914038,11484,7612,3788,3,3
12,8914041,11412,7568,3764,2,3
13,8914045,11360,7528,3741,2,3
14,8914048,11292,7488,3720,3,4
15,8914051,11240,7448,3700,2,3
16,8914054,11180,7412,3678,2,2
17,8914058,11120,7372,3658,2,2
18,8914061,11064,7336,3638,2,2
19,8914064,11008,7300,3618,3,3
20,8914068,10952,7260,3600,3,3
21,8914071,10884,7220,3588,2,2
22,8914074,10836,7184,3578,2,3
23,8914077,10788,7152,3568,2,2
24,8914081,10732,7116,3560,2,3
25,8914084,10712,7100,3552,2,3
26,8914087,10688,7086,3546,2,2
27,8914091,10668,7074,3539,2,3
28,8914094,10645,7060,3532,2,3
29,8914097,10634,7050,3527,2,2
30,8914100,10614,7038,3522,2,3
31,8914104,10594,7025,3516,2,3
32,8914107,10580,7016,3509,2,3
33,8914110,10552,7001,3504,2,2
34,8914114,10536,6990,3498,2,3
35,8914117,10527,6980,3493,2,2
36,8914120,10514,6972,3488,3,3
37,8914123,10501,6965,3485,2,2
38,8914127,10501,6961,3482,2,3
39,8914130,10488,6955,3480,2,3
40,8914133,10475,6949,3477,2,3
41,8914137,10473,6943,3474,2,2
42,8914140,10458,6938,3471,2,3
43,8914143,10451,6929,3467,3,4
44,8914146,10444,6926,3465,2,3
45,8914150,10446,6924,3465,3,3
46,8914153,10437,6921,3462,2,2
47,8914156,10420,6914,3459,2,3
48,8914160,10416,6908,3458,2,2
49,8914163,10412,6905,3455,3,3
50,8914166,10400,6900,3453,2,2
51,8914169,10397,6897,3452,2,2
52,8914173,10399,6895,3451,2,3
53,8914176,10390,6893,3449,2,3
54,8914179,10389,6890,3447,2,2
55,8914183,10383,6887,3446,3,3
56,8914186,10382,6886,3446,2,3
57,8914189,10383,6886,3445,2,3
58,8914192,10379,6884,3445,2,3
59,8914196,10379,6883,3445,2,3
60,8914199,10372,6879,3442,3,4
61,8914202,10366,6876,3441,2,3
62,8914206,10365,6874,3439,2,2
63,8914209,10358,6871,3439,2,3
64,8914212,10357,6870,3438,2,3
65,8914215,10355,6867,3436,2,3
66,8914219,10353,6867,3436,2,3
67,8914222,10348,6863,3435,2,2
68,8914225,10348,6863,3434,2,2
69,8914229,10348,6863,3434,2,3
70,8914232,10350,6863,3435,2,3
71,8914235,10353,6864,3435,2,2
72,8914238,10343,6861,3434,3,2
73,8914242,10338,6858,3432,2,2
74,8914245,10338,6857,3432,2,3
75,8914248,10344,6857,3431,2,2
76,8914252,10341,6860,3433,2,3
77,8914255,10337,6858,3432,2,3
78,8914258,10343,6859,3433,2,2
79,8914261,10343,6858,3431,2,3
80,8914265,10339,6858,3432,3,3
81,8914268,10337,6855,3431,2,2
82,8914271,10339,6857,3430,2,2
83,8914275,10336,6858,3432,3,3
84,8914278,10336,6858,3433,2,2
85,8914281,10338,6857,3432,2,3
86,8914284,10334,6855,3431,2,2
87,8914288,10333,6852,3429,2,3
88,8914291,10327,6851,3428,2,3
89,8914294,10326,6849,3428,2,2
90,8914298,10336,6851,3428,1,2
91,8914301,10328,6852,3430,3,3
92,8914304,10330,6851,3429,2,2
93,8914307,10326,6851,3428,2,3
94,8914311,10321,6846,3427,2,3
95,8914314,10325,6848,3427,2,2
96,8914317,10319,6846,3427,2,3
97,8914321,10321,6846,3426,2,3
98,8914324,10323,6847,3427,2,3
99,8914327,10327,6849,3427,2,2
100,8914330,10327,6850,3428,3,2
101,8914334,10327,6849,3428,3,3
102,8914337,10330,6849,3427,2,2
103,8914340,10333,6852,3429,2,3
104,8914344,10326,6851,3429,2,3
105,8914347,10328,6849,3428,2,3
106,8914350,10330,6849,3427,3,3
107,8914353,10323,6850,3428,2,3
108,8914357,10327,6848,3427,2,3
109,8914360,10324,6849,3427,2,2
110,8914363,10322,6849,3428,2,3
111,8914367,10316,6846,3426,2,2
112,8914370,10320,6845,3425,2,3
113,8914373,10320,6845,3426,2,3
114,8914376,10321,6845,3425,2,3
115,8914380,10316,6843,3425,2,2
116,8914383,10321,6845,3424,1,3
117,8914386,10319,6845,3427,3,2
118,8914390,10324,6846,3426,2,3
119,8914393,10321,6846,3426,2,3
120,8914396,10324,6846,3426,3,3
121,8914399,10324,6847,3426,2,3
122,8914403,10330,6850,3427,2,2
123,8914406,10333,6853,3428,2,3
124,8914409,10326,6851,3429,2,2
125,8914413,10327,6850,3428,2,3
126,8914416,10331,6851,3429,2,2
127,8914419,10326,6850,3428,2,2
128,8914422,10329,6850,3427,2,2
129,8914426,10326,6850,3429,2,2
130,8914429,10335,6853,3429,2,2
131,8914432,10325,6850,3427,3,3
132,8914436,10331,6850,3428,2,2
133,8914439,10321,6848,3428,2,2
134,8914442,10327,6847,3427,2,3
135,8914445,10321,6847,3427,3,3
136,8914449,10312,6842,3425,2,2
137,8914452,10318,6844,3426,2,2
138,8914455,10323,6843,3424,2,3
139,8914459,10318,6845,3425,2,2
140,8914462,10318,6843,3423,3,3
141,8914465,10320,6843,3424,2,3
142,8914468,10324,6846,3426,2,2
143,8914472,10324,6845,3426,2,2
144,8914475,10323,6847,3426,3,2
145,8914478,10314,6842,3425,2,2
146,8914482,10321,6844,3425,2,2
147,8914485,10323,6847,3426,2,3
148,8914488,10331,6850,3427,2,3
149,8914491,10320,6849,3428,2,2
150,8914495,10323,6847,3426,2,2
151,8914498,10326,6849,3428,3,3
152,8914501,10327,6848,3427,2,3
153,8914505,10328,6849,3427,2,2
154,8914508,10326,6850,3428,2,3
155,8914511,10329,6849,3428,2,3
156,8914514,10331,6850,3428,2,3
157,8914518,10323,6849,3427,3,2
158,8914521,10315,6843,3426,1,2
159,8914524,10317,6844,3425,3,3
160,8914528,10318,6844,3425,2,2
161,8914531,10325,6845,3424,2,3
162,8914534,10320,6846,3426,2,2
163,8914537,10328,6849,3427,2,3
164,8914541,10322,6847,3426,2,3
165,8914544,10325,6846,3425,3,3
166,8914547,10319,6848,3427,2,2
167,8914551,10318,6844,3425,2,3
168,8914554,10322,6845,3426,2,3
169,8914557,10315,6844,3425,2,2
170,8914560,10316,6843,3425,2,3
171,8914564,10317,6841,3423,2,3
172,8914567,10315,6843,3425,2,2
173,8914570,10321,6843,3424,2,2
174,8914574,10317,6843,3424,2,3
175,8914577,10328,6848,3426,2,3
176,8914580,10327,6847,3427,3,3
177,8914583,10326,6848,3426,2,2
178,8914587,10323,6848,3426,2,3
179,8914590,10325,6847,3427,2,3
180,8914593,10323,6847,3427,2,2
181,8914597,10317,6844,3425,3,3
182,8914600,10324,6845,3425,2,3
183,8914603,10326,6847,3427,3,3
184,8914606,10323,6846,3426,2,2
185,8914610,10322,6846,3426,2,3
186,8914613,10323,6847,3426,2,2
187,8914616,10321,6845,3426,3,3
188,8914620,10323,6846,3426,2,3
189,8914623,10318,6844,3425,2,3
190,8914626,10324,6847,3427,2,2
191,8914629,10323,6844,3425,2,3
192,8914633,10328,6849,3428,2,2
193,8914636,10322,6848,3426,3,2
194,8914639,10322,6846,3426,2,3
195,8914643,10325,6846,3426,2,2
196,8914646,10320,6846,3426,2,3
197,8914649,10319,6845,3426,2,3
198,8914652,10322,6844,3425,2,3
199,8914656,10317,6845,3425,1,2
200,8914659,10327,6847,3426,2,3
201,8914662,10318,6845,3426,3,3
202,8914666,10324,6846,3426,2,2
203,8914669,10327,6847,3427,2,3
204,8914672,10326,6847,3426,2,2
205,8914675,10320,6846,3426,2,3
206,8914679,10325,6847,3426,2,3
207,8914682,10325,6846,3426,2,3
208,8914685,10322,6847,3425,2,2
209,8914689,10322,6845,3426,2,3
210,8914692,10327,6847,3426,2,3
211,8914695,10325,6849,3428,2,3
212,8914698,10320,6847,3427,2,3
213,8914702,10321,6845,3426,2,3
214,8914705,10319,6845,3426,2,2
215,8914708,10316,6843,3425,2,2
216,8914712,10324,6846,3425,2,3
217,8914715,10319,6849,3427,3,3
218,8914718,10317,6844,3426,2,3
219,8914721,10320,6844,3425,2,2
220,8914725,10319,6844,3425,2,3
221,8914728,10319,6843,3424,2,3
222,8914731,10322,6844,3425,3,3
223,8914735,10315,6844,3425,2,2
224,8914738,10322,6844,3425,2,2
225,8914741,10322,6844,3425,2,3
226,8914744,10318,6845,3426,2,3
227,8914748,10317,6843,3425,2,3
228,8914751,10313,6842,3424,2,2
229,8914754,10318,6843,3424,2,3
230,8914758,10322,6845,3425,2,3
231,8914761,10325,6846,3426,2,3
232,8914764,10321,6845,3425,2,3
233,8914767,10318,6844,3425,2,3
234,8914771,10327,6846,3425,2,3
235,8914774,10322,6846,3426,2,3
236,8914777,10325,6848,3427,2,2
237,8914781,10324,6847,3427,3,3
238,8914784,10326,6848,3427,2,2
239,8914787,10318,6845,3426,2,2
240,8914790,10318,6844,3425,2,2
241,8914794,10314,6841,3424,3,4
242,8914797,10325,6844,3424,2,3
243,8914800,10325,6847,3426,2,3
244,8914804,10327,6847,3425,2,2
245,8914807,10319,6846,3427,2,3
246,8914810,10322,6844,3425,2,3
247,8914813,10324,6847,3425,2,3
248,8914817,10321,6846,3426,2,3
249,8914820,10327,6847,3427,2,2
250,8914823,10328,6847,3426,2,3
251,8914827,10323,6847,3427,2,3
252,8914830,10325,6847,3427,2,2
253,8914833,10322,6846,3426,2,3
254,8914836,10315,6844,3425,2,3
255,8914840,10320,6844,3425,2,3
256,8914843,10318,6844,3425,2,2
257,8914846,10320,6846,3427,2,3
258,8914850,10321,6846,3426,2,3
259,8914853,10325,6848,3426,2,2
260,8914856,10322,6845,3426,2,2
261,8914859,10321,6846,3426,2,3
262,8914863,10324,6847,3426,2,2
263,8914866,10320,6845,3426,2,2
264,8914869,10319,6845,3426,2,2
265,8914873,10319,6844,3425,2,2
266,8914876,10316,6843,3425,2,3
267,8914879,10323,6844,3425,2,3
268,8914882,10316,6843,3426,2,2
269,8914886,10321,6843,3425,2,3
270,8914889,10329,6846,3425,3,3
271,8914892,10326,6847,3427,3,3
272,8914896,10326,6849,3427,2,2
273,8914899,10318,6846,3427,2,2
274,8914902,10326,6846,3426,2,3
275,8914905,10318,6847,3426,2,2
276,8914909,10324,6846,3426,2,2
277,8914912,10325,6846,3426,2,3
278,8914915,10320,6848,3427,2,3
279,8914919,10324,6846,3425,2,2
280,8914922,10330,6850,3428,2,2
281,8914925,10325,6850,3428,3,2
282,8914928,10324,6848,3427,2,3
283,8914932,10323,6846,3426,2,3
284,8914935,10317,6845,3426,2,3
285,8914938,10320,6844,3425,3,3
286,8914942,10322,6845,3425,2,3
287,8914945,10322,6845,3425,3,3
288,8914948,10320,6846,3425,2,3
289,8914951,10325,6847,3427,2,3
290,8914955,10327,6848,3426,2,2
291,8914958,10314,6845,3425,2,2
292,8914961,10321,6844,3425,2,2
293,8914965,10320,6845,3426,2,2
294,8914968,10324,6846,3426,2,3
295,8914971,10329,6850,3427,2,3
296,8914974,10324,6851,3429,2,3
297,8914978,10324,6849,3427,2,2
298,8914981,10322,6848,3428,2,3
299,8914984,10330,6850,3427,2,3
300,8914988,10320,6846,3427,2,2
301,8914991,10324,6848,3426,2,3
302,8914994,10324,6846,3427,2,2
303,8914997,10326,6847,3426,2,2
304,8915001,10311,6843,3425,2,3
305,8915004,10323,6844,3425,2,3
306,8915007,10314,6842,3424,2,3
307,8915011,10324,6844,3425,2,2
308,8915014,10326,6847,3426,2,2
309,8915017,10319,6847,3427,2,3
310,8915020,10312,6844,3426,2,2
311,8915024,10318,6843,3425,3,3
312,8915027,10318,6843,3425,2,3
313,8915030,10318,6844,3425,3,3
314,8915034,10318,6842,3424,3,3
315,8915037,10319,6845,3425,2,2
316,8915040,10319,6843,3425,2,3
317,8915043,10327,6846,3426,2,3
318,8915047,10323,6848,3427,2,2
319,8915050,10327,6848,3427,3,3
320,8915053,10328,6850,3428,2,2
321,8915057,10327,6848,3427,2,2
322,8915060,10338,6853,3429,2,3
323,8915063,10328,6849,3428,3,3
324,8915066,10330,6850,3427,2,3
325,8915070,10324,6850,3427,2,2
326,8915073,10326,6848,3427,2,3
327,8915076,10332,6851,3428,2,3
328,8915080,10325,6850,3428,3,3
329,8915083,10317,6845,3427,2,2
330,8915086,10321,6844,3426,2,3
331,8915089,10313,6842,3425,2,3
332,8915093,10314,6841,3423,2,2
333,8915096,10312,6839,3422,2,2
334,8915099,10315,6841,3424,2,2
335,8915103,10319,6842,3423,2,2
336,8915106,10318,6843,3424,2,3
337,8915109,10321,6845,3425,2,3
338,8915112,10322,6848,3426,2,3
339,8915116,10322,6846,3427,3,2
340,8915119,10329,6848,3427,2,3
341,8915122,10319,6847,3428,2,3
342,8915126,10327,6848,3427,2,3
343,8915129,10330,6848,3427,2,3
344,8915132,10321,6849,3427,2,2
345,8915135,10315,6842,3425,2,3
346,8915139,10319,6843,3425,2,2
347,8915142,10310,6840,3423,2,3
348,8915145,10322,6843,3423,2,3
349,8915149,10321,6845,3426,3,3
350,8915152,10322,6847,3427,2,2
351,8915155,10313,6845,3426,2,3
352,8915158,10325,6845,3424,3,4
353,8915162,10318,6846,3426,2,3
354,8915165,10315,6843,3425,2,3
355,8915168,10316,6842,3424,2,2
356,8915172,10318,6843,3425,2,3
357,8915175,10322,6844,3425,2,3
358,8915178,10326,6847,3427,2,3
359,8915181,10324,6847,3426,2,2
360,8915185,10323,6847,3427,3,3
361,8915188,10323,6846,3426,2,3
362,8915191,10330,6847,3426,3,3
363,8915195,10339,6853,3429,2,3
364,8915198,10334,6853,3429,3,3
365,8915201,10329,6851,3429,2,2
366,8915204,10319,6847,3427,3,2
367,8915208,10325,6846,3426,2,3
368,8915211,10322,6846,3426,2,2
369,8915214,10321,6846,3425,2,2
370,8915218,10320,6846,3427,2,2
371,8915221,10322,6846,3426,2,3
372,8915224,10320,6845,3426,2,2
373,8915227,10321,6846,3426,2,3
374,8915231,10319,6845,3425,2,2
375,8915234,10329,6848,3427,2,3
376,8915237,10329,6847,3427,3,2
377,8915241,10327,6848,3427,2,2
378,8915244,10324,6848,3427,2,3
379,8915247,10320,6846,3427,2,3
380,8915250,10322,6846,3427,2,3
381,8915254,10313,6842,3424,2,3
382,8915257,10323,6843,3424,2,2
383,8915260,10328,6847,3426,2,3
384,8915264,10317,6846,3426,2,3
385,8915267,10323,6845,3426,2,3
386,8915270,10318,6845,3426,2,3
387,8915273,10317,6843,3425,2,3
388,8915277,10324,6844,3425,3,2
389,8915280,10325,6849,3427,2,3
390,8915283,10324,6850,3428,3,3
391,8915287,10327,6850,3428,2,3
392,8915290,10331,6851,3428,2,3
393,8915293,10327,6850,3427,2,2
394,8915296,10321,6847,3427,2,3
395,8915300,10321,6844,3426,2,3
396,8915303,10323,6847,3426,2,3
397,8915306,10313,6842,3425,2,3
398,8915310,10321,6843,3424,2,2
399,8915313,10310,6842,3425,2,2
400,8915316,10324,6844,3424,2,3
401,8915319,10324,6847,3426,3,3
402,8915323,10322,6846,3426,2,3
403,8915326,10323,6847,3427,2,3
404,8915329,10327,6847,3427,2,3
405,8915333,10330,6849,3427,2,3
406,8915336,10322,6848,3427,2,3
407,8915339,10321,6847,3427,2,3
408,8915342,10325,6846,3426,2,3
409,8915346,10316,6845,3426,2,3
410,8915349,10322,6845,3425,2,3
411,8915352,10326,6846,3426,2,3
412,8915356,10323,6847,3426,2,3
413,8915359,10317,6845,3426,2,3
414,8915362,10325,6847,3427,2,3
415,8915365,10324,6848,3427,2,3
416,8915369,10325,6847,3427,2,2
417,8915372,10326,6847,3426,3,3
418,8915375,10320,6845,3426,2,3
419,8915379,10316,6843,3425,3,3
420,8915382,10322,6845,3425,2,3
421,8915385,10321,6845,3425,2,3
422,8915388,10315,6844,3425,2,3
423,8915392,10322,6844,3425,3,3
424,8915395,10322,6846,3426,3,3
425,8915398,10318,6845,3426,3,3
426,8915402,10321,6844,3426,2,2
427,8915405,10322,6846,3425,2,2
428,8915408,10325,6845,3426,2,2
429,8915411,10333,6849,3427,3,3
430,8915415,10327,6850,3428,2,2
431,8915418,10325,6850,3427,2,3
432,8915421,10318,6846,3427,3,3
433,8915425,10322,6845,3426,2,3
434,8915428,10316,6844,3425,2,3
435,8915431,10321,6844,3425,1,2
436,8915434,10323,6845,3426,2,3
437,8915438,10320,6846,3426,2,2
438,8915441,10325,6847,3426,2,3
439,8915444,10325,6847,3426,2,2
440,8915448,10318,6846,3426,2,3
441,8915451,10318,6843,3425,3,3
442,8915454,10319,6844,3425,2,3
443,8915457,10315,6843,3425,2,3
444,8915461,10320,6845,3425,2,2
445,8915464,10322,6845,3426,2,3
446,8915467,10321,6846,3426,2,2
447,8915471,10319,6844,3426,2,3
448,8915474,10321,6844,3425,2,2
449,8915477,10311,6841,3425,2,3
450,8915480,10327,6846,3426,2,3
451,8915484,10326,6847,3426,2,2
452,8915487,10324,6848,3427,2,3
453,8915490,10321,6846,3427,2,3
454,8915494,10329,6849,3426,2,2
455,8915497,10322,6847,3427,2,3
456,8915500,10325,6848,3428,2,3
457,8915503,10329,6849,3427,2,3
458,8915507,10326,6848,3427,3,3
459,8915510,10318,6845,3427,2,2
460,8915513,10317,6844,3425,2,3
461,8915517,10319,6843,3424,2,3
462,8915520,10311,6841,3423,2,3
463,8915523,10310,6839,3423,2,3
464,8915526,10310,6839,3422,2,2
465,8915530,10313,6839,3423,2,2
466,8915533,10316,6841,3423,3,2
467,8915536,10322,6845,3425,2,2
468,8915540,10319,6846,3427,2,3
469,8915543,10322,6845,3425,2,2
470,8915546,10325,6848,3426,3,3
471,8915549,10326,6849,3428,2,2
472,8915553,10334,6851,3428,2,3
473,8915556,10324,6849,3428,2,2
474,8915559,10326,6850,3428,3,3
475,8915563,10320,6846,3426,2,3
476,8915566,10324,6849,3426,2,1
477,8915569,10321,6846,3427,3,3
478,8915572,10334,6850,3427,2,2
479,8915576,10325,6850,3428,2,3
480,8915579,10326,6847,3428,2,3
481,8915582,10322,6847,3426,2,2
482,8915586,10313,6844,3426,2,2
483,8915589,10321,6845,3425,2,3
484,8915592,10325,6847,3426,2,3
485,8915595,10324,6846,3426,2,2
486,8915599,10322,6848,3427,2,3
487,8915602,10319,6845,3426,2,3
488,8915605,10318,6844,3425,2,2
489,8915609,10320,6845,3425,2,3
490,8915612,10323,6845,3426,2,2
491,8915615,10317,6843,3425,2,2
492,8915618,10311,6841,3423,2,2
493,8915622,10317,6841,3423,3,3
494,8915625,10323,6844,3424,3,3
495,8915628,10319,6845,3425,3,3
496,8915632,10326,6848,3427,3,2
497,8915635,10322,6847,3427,2,3
498,8915638,10327,6847,3427,2,3
499,8915641,10322,6848,3427,2,3
500,8915645,10313,6842,3425,3,2
501,8915648,10319,6843,3425,2,3
502,8915651,10316,6841,3424,2,3
503,8915655,10321,6845,3425,2,3
504,8915658,10321,6845,3426,2,3
505,8915661,10318,6844,3425,2,3
506,8915664,10318,6844,3425,2,3
507,8915668,10318,6843,3425,2,2
508,8915671,10321,6844,3425,2,3
509,8915674,10319,6845,3425,2,3
510,8915678,10317,6844,3426,2,3
511,8915681,10318,6845,3426,3,3
512,8915684,10326,6846,3426,2,3
513,8915687,10324,6847,3427,2,3
514,8915691,10319,6845,3426,2,2
515,8915694,10318,6844,3426,2,3
516,8915697,10323,6843,3424,2,2
517,8915701,10321,6846,3426,2,2
518,8915704,10323,6846,3426,2,3
519,8915707,10327,6849,3427,2,2
520,8915710,10324,6847,3427,2,3
521,8915714,10325,6847,3426,2,2
522,8915717,10324,6848,3427,3,3
523,8915720,10321,6848,3427,2,3
524,8915724,10315,6846,3426,3,3
525,8915727,10327,6847,3426,2,3
526,8915730,10325,6848,3427,2,2
527,8915733,10327,6850,3427,2,3
528,8915737,10322,6848,3427,2,3
529,8915740,10326,6845,3426,2,3
530,8915743,10319,6846,3426,2,3
531,8915747,10314,6843,3425,2,3
532,8915750,10319,6844,3425,2,3
533,8915753,10319,6842,3423,2,2
534,8915756,10325,6847,3426,2,3
535,8915760,10327,6846,3426,2,3
536,8915763,10329,6849,3426,2,3
537,8915766,10331,6850,3428,2,3
538,8915770,10323,6849,3427,3,2
539,8915773,10316,6845,3426,2,3
540,8915776,10318,6842,3424,3,4
541,8915779,10317,6843,3424,2,2
542,8915783,10323,6844,3425,2,2
543,8915786,10322,6847,3426,2,2
544,8915789,10326,6847,3426,3,3
545,8915793,10317,6845,3426,2,3
546,8915796,10319,6844,3425,2,2
547,8915799,10322,6844,3425,2,2
548,8915802,10319,6844,3425,2,3
549,8915806,10322,6847,3427,2,2
550,8915809,10322,6847,3426,2,2
551,8915812,10316,6844,3426,2,2
552,8915816,10323,6843,3425,2,2
553,8915819,10317,6845,3426,2,3
554,8915822,10317,6844,3425,2,2
555,8915825,10324,6845,3426,2,3
556,8915829,10324,6846,3426,2,2
557,8915832,10317,6844,3425,2,2
558,8915835,10325,6846,3426,2,2
559,8915839,10326,6848,3427,3,3
560,8915842,10322,6848,3427,2,3
561,8915845,10323,6847,3427,2,3
562,8915848,10330,6849,3427,2,3
563,8915852,10325,6849,3427,2,2
564,8915855,10321,6849,3427,3,2
565,8915858,10318,6845,3426,2,3
566,8915862,10322,6846,3427,2,3
567,8915865,10329,6847,3426,2,2
568,8915868,10324,6848,3427,2,3
569,8915871,10323,6846,3426,2,2
570,8915875,10318,6846,3426,2,2
571,8915878,10319,6843,3425,3,3
572,8915881,10322,6846,3425,3,3
573,8915885,10319,6845,3426,2,2
574,8915888,10319,6842,3424,2,2
575,8915891,10325,6847,3425,3,3
576,8915894,10317,6846,3426,3,3
577,8915898,10315,6845,3426,2,2
578,8915901,10320,6845,3425,3,2
579,8915904,10317,6845,3426,2,3
580,8915908,10323,6845,3425,2,2
581,8915911,10322,6844,3426,3,3
582,8915914,10325,6845,3426,2,3
583,8915917,10311,6842,3425,2,3
584,8915921,10314,6840,3423,2,3
585,8915924,10318,6842,3424,2,3
586,8915927,10318,6842,3424,2,2
587,8915931,10315,6842,3424,2,2
588,8915934,10323,6844,3425,2,3
589,8915937,10320,6845,3425,2,3
590,8915940,10320,6846,3425,2,2
591,8915944,10318,6845,3425,2,3
592,8915947,10320,6847,3427,3,3
593,8915950,10316,6843,3426,2,3
594,8915954,10318,6843,3425,3,3
595,8915957,10322,6844,3425,2,2
596,8915960,10322,6844,3425,2,3
597,8915963,10318,6845,3425,2,3
598,8915967,10318,6843,3424,2,3
599,8915970,10323,6846,3426,2,2
600,8915973,10315,6843,3425,3,3
601,8915977,10322,6844,3425,2,2
602,8915980,10323,6847,3425,2,2
603,8915983,10323,6849,3427,2,2
604,8915986,10324,6850,3427,2,2
605,8915990,10327,6850,3428,2,3
606,8915993,10327,6851,3429,2,3
607,8915996,10329,6850,3428,3,3
608,8916000,10332,6851,3428,2,3
609,8916003,10330,6849,3428,2,3
610,8916006,10321,6847,3427,2,3
611,8916010,10322,6847,3426,2,3
612,8916013,10323,6845,3426,2,3
613,8916016,10320,6844,3425,2,3
614,8916019,10322,6845,3426,2,3
615,8916023,10320,6844,3425,2,3
616,8916026,10324,6847,3427,2,3
617,8916029,10321,6847,3426,2,3
618,8916033,10316,6845,3426,2,2
619,8916036,10317,6843,3425,2,3
620,8916039,10323,6843,3425,2,3
621,8916042,10322,6847,3426,3,2
622,8916046,10312,6843,3425,2,2
623,8916049,10326,6846,3426,2,2
624,8916052,10321,6845,3426,2,2
625,8916056,10321,6845,3425,2,3
626,8916059,10321,6845,3426,2,2
627,8916062,10329,6849,3426,2,2
628,8916065,10322,6847,3427,2,3
629,8916069,10331,6849,3427,3,3
630,8916072,10328,6849,3427,2,2
631,8916075,10328,6848,3428,2,3
632,8916079,10325,6849,3427,2,2
633,8916082,10321,6847,3427,3,3
634,8916085,10330,6849,3427,2,3
635,8916088,10329,6850,3427,2,2
636,8916092,10326,6851,3428,2,2
637,8916095,10321,6847,3427,2,2
638,8916098,10326,6847,3427,2,3
639,8916102,10319,6845,3426,2,2
640,8916105,10322,6846,3426,2,3
641,8916108,10326,6846,3425,3,3
642,8916111,10318,6847,3426,2,2
643,8916115,10323,6848,3426,3,3
644,8916118,10324,6849,3427,2,2
645,8916121,10322,6847,3427,2,3
646,8916125,10316,6843,3425,3,4
647,8916128,10320,6844,3424,3,3
648,8916131,10322,6845,3426,2,2
649,8916134,10323,6846,3426,2,3
650,8916138,10322,6848,3427,2,3
651,8916141,10324,6846,3426,2,2
652,8916144,10325,6848,3426,2,3
653,8916148,10321,6846,3426,2,2
654,8916151,10326,6846,3426,3,3
655,8916154,10334,6851,3428,2,3
656,8916157,10332,6851,3428,2,2
657,8916161,10331,6851,3428,2,3
658,8916164,10317,6846,3427,3,3
659,8916167,10325,6847,3427,2,2
660,8916171,10323,6847,3426,2,3
661,8916174,10323,6845,3426,2,2
662,8916177,10325,6847,3427,2,3
663,8916180,10323,6845,3425,2,2
664,8916184,10318,6846,3427,2,3
665,8916187,10327,6847,3427,2,3
666,8916190,10326,6849,3427,2,2
667,8916194,10323,6848,3427,2,2
668,8916197,10328,6848,3426,2,3
669,8916200,10330,6849,3427,3,3
670,8916203,10325,6846,3426,2,2
671,8916207,10319,6845,3425,2,3
672,8916210,10320,6846,3427,2,3
673,8916213,10314,6842,3425,2,2
674,8916217,10318,6843,3424,2,2
675,8916220,10323,6845,3425,2,2
676,8916223,10327,6847,3426,2,2
677,8916226,10317,6847,3427,2,3
678,8916230,10319,6844,3425,2,3
679,8916233,10323,6845,3425,2,2
680,8916236,10319,6846,3425,3,2
681,8916240,10327,6847,3427,2,3
682,8916243,10326,6846,3426,3,3
683,8916246,10326,6846,3425,2,3
684,8916249,10321,6845,3426,2,3
685,8916253,10309,6841,3424,2,3
686,8916256,10320,6842,3423,2,2
687,8916259,10317,6844,3423,3,4
688,8916263,10329,6846,3425,2,3
689,8916266,10327,6852,3429,2,3
690,8916269,10326,6850,3428,2,3
691,8916272,10329,6850,3428,2,3
692,8916276,10326,6849,3427,2,3
693,8916279,10326,6849,3428,2,3
694,8916282,10328,6849,3428,2,2
695,8916286,10323,6847,3427,3,2
696,8916289,10326,6850,3427,2,2
697,8916292,10319,6846,3426,2,2
698,8916295,10322,6846,3426,2,3
699,8916299,10318,6844,3425,3,3
700,8916302,10319,6843,3424,3,2
701,8916305,10327,6847,3425,2,2
702,8916309,10320,6846,3426,2,3
703,8916312,10323,6848,3427,2,2
704,8916315,10323,6846,3426,2,2
705,8916318,10324,6847,3427,2,2
706,8916322,10323,6847,3428,3,2
707,8916325,10327,6848,3427,2,3
708,8916328,10323,6848,3428,2,3
709,8916332,10318,6848,3428,2,2
710,8916335,10321,6847,3427,2,3
711,8916338,10321,6846,3426,2,2
712,8916341,10320,6844,3425,2,2
713,8916345,10318,6844,3425,2,2
714,8916348,10321,6845,3425,2,2
715,8916351,10314,6842,3424,2,3
716,8916355,10319,6844,3425,2,3
717,8916358,10328,6846,3426,2,3
718,8916361,10317,6846,3426,2,3
719,8916364,10321,6845,3425,3,2
720,8916368,10325,6847,3426,1,2
721,8916371,10315,6843,3425,2,2
722,8916374,10316,6845,3426,2,3
723,8916378,10317,6844,3426,3,3
724,8916381,10319,6844,3425,2,3
725,8916384,10321,6844,3425,2,3
726,8916387,10320,6845,3426,2,2
727,8916391,10324,6846,3426,2,3
728,8916394,10323,6846,3425,3,3
729,8916397,10327,6847,3426,2,3
730,8916401,10325,6846,3426,2,3
731,8916404,10319,6846,3426,2,3
732,8916407,10320,6844,3426,2,3
733,8916410,10325,6846,3426,2,2
734,8916414,10319,6846,3426,2,3
735,8916417,10321,6845,3426,2,3
736,8916420,10326,6847,3427,2,3
737,8916424,10323,6847,3427,2,2
738,8916427,10321,6845,3426,2,2
739,8916430,10321,6846,3427,2,2
740,8916433,10321,6844,3426,2,3
741,8916437,10322,6845,3426,2,3
742,8916440,10330,6846,3426,3,3
743,8916443,10324,6848,3427,2,3
744,8916447,10323,6846,3426,2,2
745,8916450,10326,6847,3426,2,2
746,8916453,10327,6850,3427,2,2
747,8916456,10322,6849,3428,2,3
748,8916460,10333,6850,3427,2,3
749,8916463,10329,6851,3429,2,2
750,8916466,10326,6847,3427,2,2
751,8916470,10322,6846,3426,2,2
752,8916473,10320,6845,3426,2,3
753,8916476,10321,6844,3425,2,3
754,8916479,10319,6845,3426,2,2
755,8916483,10321,6844,3425,2,3
756,8916486,10322,6845,3426,2,3
757,8916489,10318,6845,3425,2,3
758,8916493,10318,6843,3426,2,2
759,8916496,10323,6845,3425,2,2
760,8916499,10319,6845,3425,2,3
761,8916502,10321,6844,3425,2,3
762,8916506,10322,6844,3425,2,3
763,8916509,10323,6844,3425,2,3
764,8916512,10318,6844,3425,3,2
765,8916516,10316,6843,3425,2,3
766,8916519,10317,6843,3425,2,3
767,8916522,10319,6843,3425,2,2
768,8916525,10324,6845,3426,2,3
769,8916529,10326,6847,3425,3,3
770,8916532,10325,6850,3427,2,3
771,8916535,10319,6846,3427,2,3
772,8916539,10324,6846,3426,2,2
773,8916542,10320,6845,3426,2,2
774,8916545,10320,6844,3426,2,2
775,8916548,10327,6845,3425,2,2
776,8916552,10326,6846,3426,1,3
777,8916555,10322,6846,3427,3,3
778,8916558,10318,6845,3426,2,2
779,8916562,10319,6843,3425,2,2
780,8916565,10310,6841,3424,3,2
781,8916568,10316,6840,3422,2,3
782,8916571,10325,6846,3425,3,3
783,8916575,10319,6845,3426,2,2
784,8916578,10325,6846,3425,2,3
785,8916581,10327,6847,3426,2,2
786,8916585,10321,6848,3427,2,3
787,8916588,10325,6847,3427,2,2
788,8916591,10327,6847,3427,3,3
789,8916594,10329,6850,3427,2,3
790,8916598,10321,6848,3427,2,3
791,8916601,10321,6846,3426,2,2
792,8916604,10326,6847,3426,2,2
793,8916608,10318,6845,3426,2,2
794,8916611,10327,6846,3427,2,3
795,8916614,10317,6848,3427,2,3
796,8916617,10322,6846,3426,2,2
797,8916621,10325,6847,3426,3,3
798,8916624,10325,6847,3427,3,3
799,8916627,10318,6845,3426,2,3
800,8916631,10326,6845,3426,2,3
801,8916634,10321,6846,3427,3,3
802,8916637,10317,6846,3427,2,2
803,8916640,10317,6846,3426,2,2
804,8916644,10319,6845,3426,2,2
805,8916647,10315,6841,3424,2,3
806,8916650,10314,6841,3423,2,3
807,8916654,10316,6841,3423,2,3
808,8916657,10318,6843,3424,2,2
809,8916660,10313,6841,3424,2,3
810,8916663,10319,6842,3422,3,4
811,8916667,10319,6844,3425,2,3
812,8916670,10326,6847,3427,3,3
813,8916673,10322,6845,3426,2,3
814,8916677,10325,6847,3426,2,3
815,8916680,10321,6846,3427,2,3
816,8916683,10321,6847,3427,2,3
817,8916686,10326,6848,3427,2,2
818,8916690,10324,6848,3426,2,3
819,8916693,10324,6847,3427,2,3
820,8916696,10327,6849,3427,2,2
821,8916700,10328,6850,3427,2,3
822,8916703,10332,6850,3428,2,2
823,8916706,10327,6850,3428,2,2
824,8916709,10327,6850,3428,2,2
825,8916713,10336,6851,3429,3,3
826,8916716,10327,6851,3429,2,3
827,8916719,10326,6850,3428,2,3
828,8916723,10331,6850,3429,2,2
829,8916726,10328,6849,3428,2,3
830,8916729,10334,6850,3427,2,2
831,8916732,10319,6849,3427,3,2
832,8916736,10319,6846,3426,2,3
833,8916739,10310,6839,3423,2,2
834,8916742,10315,6841,3423,3,3
835,8916746,10312,6839,3422,3,3
836,8916749,10315,6842,3423,2,2
837,8916752,10315,6841,3422,2,3
838,8916755,10317,6842,3423,2,3
839,8916759,10321,6844,3425,2,2
840,8916762,10316,6843,3425,2,3
841,8916765,10321,6844,3425,2,3
842,8916769,10330,6848,3426,2,2
843,8916772,10331,6849,3427,2,2
844,8916775,10323,6847,3426,2,3
845,8916778,10321,6845,3425,2,2
846,8916782,10322,6846,3426,2,3
847,8916785,10323,6846,3426,2,3
848,8916788,10327,6849,3427,2,3
849,8916792,10327,6847,3427,2,3
850,8916795,10317,6846,3427,2,3
851,8916798,10324,6845,3425,2,3
852,8916801,10319,6847,3426,2,2
853,8916805,10321,6843,3426,2,3
854,8916808,10324,6848,3426,2,2
855,8916811,10325,6849,3428,2,2
856,8916815,10326,6849,3427,2,2
857,8916818,10324,6847,3427,2,3
858,8916821,10324,6848,3426,2,3
859,8916824,10323,6847,3426,2,3
860,8916828,10317,6845,3426,2,3
861,8916831,10317,6844,3426,2,2
862,8916834,10327,6847,3426,3,3
863,8916838,10325,6847,3426,2,3
864,8916841,10313,6843,3426,2,3
865,8916844,10323,6845,3425,2,2
866,8916847,10327,6849,3427,3,3
867,8916851,10322,6847,3427,2,2
868,8916854,10329,6848,3426,2,2
869,8916857,10330,6850,3428,2,3
870,8916861,10330,6849,3427,3,3
871,8916864,10324,6849,3428,2,3
872,8916867,10325,6849,3427,2,3
873,8916870,10325,6847,3427,2,2
874,8916874,10318,6844,3425,2,2
875,8916877,10327,6846,3425,2,3
876,8916880,10318,6844,3425,2,3
877,8916884,10324,6847,3426,2,3
878,8916887,10324,6847,3427,2,3
879,8916890,10322,6847,3427,2,3
880,8916893,10315,6843,3425,2,2
881,8916897,10315,6842,3423,2,2
882,8916900,10315,6842,3423,3,3
883,8916903,10312,6843,3424,3,3
884,8916907,10320,6844,3425,2,2
885,8916910,10323,6845,3425,2,2
886,8916913,10319,6846,3426,2,2
887,8916916,10328,6847,3426,3,3
888,8916920,10325,6849,3426,2,3
889,8916923,10317,6847,3427,2,2
890,8916926,10317,6844,3426,2,3
891,8916930,10321,6844,3425,2,3
892,8916933,10315,6842,3424,3,3
893,8916936,10320,6843,3425,2,2
894,8916939,10322,6845,3425,2,3
895,8916943,10318,6845,3426,2,2
896,8916946,10322,6844,3425,2,2
897,8916949,10323,6845,3425,2,3
898,8916953,10319,6845,3426,2,2
899,8916956,10323,6845,3425,2,3
900,8916959,10323,6846,3426,2,3
901,8916962,10323,6846,3426,2,2
902,8916966,10321,6844,3425,2,2
903,8916969,10321,6845,3425,2,3
904,8916972,10318,6845,3425,2,3
905,8916976,10321,6844,3425,2,2
906,8916979,10316,6844,3425,2,3
907,8916982,10318,6843,3424,3,3
908,8916985,10325,6846,3425,2,2
909,8916989,10325,6848,3426,2,2
910,8916992,10317,6848,3427,2,3
911,8916995,10324,6846,3426,2,2
912,8916999,10324,6846,3426,2,3
913,8917002,10322,6848,3427,2,3
914,8917005,10324,6847,3427,2,3
915,8917008,10323,6849,3427,2,3
916,8917012,10319,6846,3426,3,3
917,8917015,10325,6846,3426,2,3
918,8917018,10322,6846,3426,2,2
919,8917022,10321,6845,3425,2,2
920,8917025,10324,6846,3426,2,3
921,8917028,10319,6845,3426,2,3
922,8917031,10322,6847,3427,2,3
923,8917035,10318,6844,3425,2,3
924,8917038,10322,6844,3426,3,3
925,8917041,10318,6844,3425,2,3
926,8917045,10323,6845,3425,2,3
927,8917048,10321,6845,3426,2,3
928,8917051,10318,6845,3426,2,3
929,8917054,10326,6845,3425,2,2
930,8917058,10318,6845,3426,2,2
931,8917061,10320,6844,3425,2,2
932,8917064,10319,6844,3425,2,2
933,8917068,10314,6841,3423,3,3
934,8917071,10322,6844,3425,2,2
935,8917074,10327,6847,3426,2,3
936,8917077,10325,6848,3426,2,3
937,8917081,10322,6848,3427,2,3
938,8917084,10329,6848,3426,2,3
939,8917087,10326,6849,3427,2,3
940,8917091,10323,6846,3426,2,3
941,8917094,10321,6846,3426,2,3
942,8917097,10326,6848,3426,2,2
943,8917100,10326,6849,3427,2,3
944,8917104,10323,6847,3427,3,3
945,8917107,10316,6844,3425,2,2
946,8917110,10326,6844,3425,2,3
947,8917114,10318,6846,3427,2,3
948,8917117,10314,6843,3425,3,3
949,8917120,10321,6845,3425,2,2
950,8917123,10322,6846,3426,2,3
951,8917127,10320,6845,3426,2,3
952,8917130,10322,6844,3424,2,3
953,8917133,10324,6848,3426,2,2
954,8917137,10320,6847,3427,2,3
955,8917140,10323,6847,3427,2,3
956,8917143,10322,6847,3426,2,2
957,8917146,10325,6847,3426,3,3
958,8917150,10322,6846,3426,2,2
959,8917153,10322,6847,3426,2,3
960,8917156,10319,6845,3425,2,3
961,8917160,10321,6844,3425,2,3
962,8917163,10331,6846,3425,3,2
963,8917166,10320,6847,3427,2,3
964,8917169,10320,6845,3426,2,3
965,8917173,10325,6847,3427,3,3
966,8917176,10319,6845,3426,2,2
967,8917179,10319,6844,3425,2,2
968,8917183,10319,6844,3426,2,2
969,8917186,10317,6843,3424,2,3
970,8917189,10324,6846,3426,2,3
971,8917192,10326,6847,3426,2,2
972,8917196,10320,6846,3426,2,2
973,8917199,10324,6846,3426,2,3
974,8917202,10323,6846,3426,3,3
975,8917206,10322,6847,3427,2,2
976,8917209,10315,6845,3427,2,3
977,8917212,10324,6847,3426,2,2
978,8917215,10326,6849,3428,2,3
979,8917219,10322,6848,3427,2,2
980,8917222,10322,6846,3427,2,2
981,8917225,10319,6845,3426,2,3
982,8917229,10320,6845,3425,3,3
983,8917232,10323,6846,3426,2,3
984,8917235,10318,6844,3425,2,2
985,8917238,10319,6845,3425,2,3
986,8917242,10320,6843,3425,2,3
987,8917245,10322,6846,3426,2,3
988,8917248,10314,6844,3425,2,3
989,8917252,10322,6844,3425,3,3
990,8917255,10323,6845,3426,2,2
991,8917258,10317,6844,3425,2,3
992,8917261,10320,6844,3425,2,2
993,8917265,10318,6844,3426,3,3
994,8917268,10314,6842,3424,2,3
995,8917271,10325,6843,3424,2,3
996,8917275,10325,6848,3427,2,2
997,8917278,10327,6849,3427,2,3
998,8917281,10330,6850,3429,2,2
999,8917284,10322,6849,3427,3,3
1000,8917288,10328,6849,3428,2,2
1001,8917291,10324,6847,3426,2,3
1002,8917294,10326,6848,3427,2,3
1003,8917298,10323,6847,3426,2,3
1004,8917301,10321,6847,3426,2,2
1005,8917304,10319,6843,3425,2,3
1006,8917307,10318,6845,3425,3,3
1007,8917311,10324,6845,3426,2,2
1008,8917314,10329,6849,3426,2,2
1009,8917317,10322,6849,3427,2,3
1010,8917321,10322,6846,3426,3,3
1011,8917324,10326,6847,3427,2,3
1012,8917327,10317,6845,3426,2,3
1013,8917330,10317,6843,3425,2,3
1014,8917334,10323,6845,3425,2,3
1015,8917337,10321,6847,3426,3,3
1016,8917340,10320,6848,3427,2,3
1017,8917344,10325,6847,3427,2,3
1018,8917347,10323,6847,3426,3,3
1019,8917350,10316,6844,3426,2,3
1020,8917353,10322,6844,3425,2,3
1021,8917357,10316,6844,3426,2,3
1022,8917360,10316,6843,3424,2,2
1023,8917363,10321,6844,3425,3,3
1024,8917367,10321,6845,3426,2,2
1025,8917370,10317,6845,3426,2,3
1026,8917373,10323,6844,3425,3,3
1027,8917376,10318,6844,3425,2,3
1028,8917380,10328,6846,3426,2,2
1029,8917383,10330,6849,3427,2,2
1030,8917386,10322,6845,3426,2,2
1031,8917390,10325,6847,3426,2,3
1032,8917393,10319,6846,3426,2,3
1033,8917396,10328,6847,3427,2,2
1034,8917399,10322,6847,3427,2,3
1035,8917403,10317,6845,3426,2,3
1036,8917406,10329,6847,3427,2,3
1037,8917409,10324,6846,3426,2,3
1038,8917413,10316,6845,3426,2,2
1039,8917416,10317,6843,3426,2,3
1040,8917419,10321,6842,3425,2,3
1041,8917422,10318,6845,3425,2,2
1042,8917426,10318,6845,3426,2,2
1043,8917429,10316,6845,3426,3,3
1044,8917432,10318,6844,3425,2,3
1045,8917436,10323,6844,3425,2,3
1046,8917439,10319,6845,3425,3,2
1047,8917442,10321,6845,3425,2,3
1048,8917445,10327,6846,3426,2,2
1049,8917449,10319,6845,3426,2,3
1050,8917452,10320,6845,3426,3,3
1051,8917455,10320,6845,3426,2,2
1052,8917459,10325,6845,3425,2,3
1053,8917462,10324,6847,3427,2,3
1054,8917465,10324,6845,3426,2,3
1055,8917468,10327,6847,3426,2,3
1056,8917472,10325,6847,3426,3,3
1057,8917475,10317,6845,3425,2,3
1058,8917478,10315,6842,3424,2,2
1059,8917482,10321,6844,3425,2,2
1060,8917485,10323,6845,3425,2,3
1061,8917488,10323,6846,3426,2,3
1062,8917491,10320,6844,3425,2,3
1063,8917495,10324,6846,3425,2,3
1064,8917498,10320,6846,3427,3,2
1065,8917501,10323,6846,3427,2,2
1066,8917505,10323,6846,3426,2,2
1067,8917508,10325,6847,3427,2,3
1068,8917511,10330,6848,3427,2,3
1069,8917514,10332,6849,3427,2,3
1070,8917518,10328,6849,3427,2,3
1071,8917521,10315,6844,3426,2,3
1072,8917524,10320,6844,3426,2,3
1073,8917528,10322,6844,3424,2,2
1074,8917531,10313,6843,3425,2,2
1075,8917534,10317,6843,3425,2,3
1076,8917537,10319,6843,3424,2,2
1077,8917541,10313,6841,3423,2,2
1078,8917544,10316,6842,3425,2,3
1079,8917547,10321,6842,3424,2,2
1080,8917551,10321,6846,3425,2,3
1081,8917554,10317,6843,3425,2,3
1082,8917557,10327,6847,3427,2,2
1083,8917560,10324,6846,3426,2,3
1084,8917564,10327,6848,3426,2,3
1085,8917567,10321,6847,3426,3,3
1086,8917570,10322,6845,3425,2,2
1087,8917574,10319,6846,3427,2,2
1088,8917577,10316,6844,3426,3,3
1089,8917580,10325,6845,3426,2,2
1090,8917583,10316,6845,3426,2,3
1091,8917587,10324,6845,3425,3,3
1092,8917590,10318,6845,3425,2,3
1093,8917593,10332,6849,3426,2,2
1094,8917597,10329,6851,3428,3,2
1095,8917600,10327,6853,3429,2,3
1096,8917603,10326,6850,3428,2,3
1097,8917606,10333,6852,3429,3,2
1098,8917610,10327,6849,3428,2,3
1099,8917613,10325,6851,3428,2,3
1100,8917616,10325,6847,3427,2,2
1101,8917620,10329,6850,3427,3,3
1102,8917623,10323,6846,3426,2,2
1103,8917626,10318,6844,3425,2,2
1104,8917629,10324,6846,3426,2,3
1105,8917633,10318,6845,3426,2,3
1106,8917636,10321,6845,3426,2,3
1107,8917639,10321,6845,3425,2,3
1108,8917643,10323,6849,3427,2,3
1109,8917646,10315,6845,3426,2,3
1110,8917649,10319,6843,3425,2,3
1111,8917652,10317,6844,3425,2,3
1112,8917656,10314,6842,3425,2,3
1113,8917659,10316,6841,3424,2,3
1114,8917662,10315,6842,3424,2,3
1115,8917666,10321,6843,3425,2,2
1116,8917669,10327,6847,3426,3,3
1117,8917672,10319,6846,3426,2,3
1118,8917675,10324,6845,3426,2,3
1119,8917679,10329,6850,3427,2,3
1120,8917682,10325,6849,3428,2,2
1121,8917685,10335,6850,3427,2,3
1122,8917689,10333,6851,3427,3,3
1123,8917692,10327,6850,3428,2,3
1124,8917695,10320,6846,3426,2,2
1125,8917698,10329,6849,3427,2,3
1126,8917702,10328,6850,3427,2,3
1127,8917705,10325,6850,3427,2,2
1128,8917708,10323,6848,3427,2,3
1129,8917712,10326,6848,3427,2,2
1130,8917715,10322,6847,3427,2,3
1131,8917718,10318,6844,3426,2,3
1132,8917721,10316,6844,3425,2,2
1133,8917725,10315,6842,3425,3,3
1134,8917728,10329,6846,3425,2,3
1135,8917731,10326,6848,3426,2,2
1136,8917735,10322,6846,3426,2,2
1137,8917738,10314,6844,3425,3,3
1138,8917741,10319,6842,3424,2,3
1139,8917744,10312,6841,3423,3,3
1140,8917748,10313,6841,3423,2,3
1141,8917751,10311,6839,3423,2,3
1142,8917754,10317,6841,3422,3,2
1143,8917758,10318,6843,3424,2,3
1144,8917761,10319,6843,3424,2,3
1145,8917764,10321,6846,3426,2,3
1146,8917767,10325,6846,3426,3,3
1147,8917771,10323,6848,3427,2,2
1148,8917774,10321,6849,3428,2,2
1149,8917777,10325,6850,3428,3,2
1150,8917781,10330,6850,3428,3,2
1151,8917784,10327,6849,3427,2,2
1152,8917787,10321,6847,3427,2,3
1153,8917790,10323,6847,3427,2,3
1154,8917794,10322,6845,3425,2,2
1155,8917797,10324,6849,3427,3,4
1156,8917800,10324,6847,3427,2,2
1157,8917804,10330,6850,3427,3,3
1158,8917807,10318,6847,3427,2,2
1159,8917810,10322,6846,3426,2,3
1160,8917813,10316,6845,3426,2,2
1161,8917817,10324,6845,3426,2,3
1162,8917820,10319,6846,3426,2,3
1163,8917823,10317,6843,3425,3,2
1164,8917827,10318,6842,3424,2,2
1165,8917830,10316,6843,3425,2,3
1166,8917833,10315,6841,3423,2,2
1167,8917836,10322,6846,3426,2,3
1168,8917840,10314,6843,3425,2,3
1169,8917843,10321,6843,3424,2,3
1170,8917846,10319,6844,3425,3,3
1171,8917850,10322,6846,3426,2,3
1172,8917853,10325,6846,3426,3,3
1173,8917856,10325,6849,3427,2,2
1174,8917859,10316,6846,3427,2,3
1175,8917863,10322,6846,3426,2,2
1176,8917866,10319,6846,3427,2,3
1177,8917869,10319,6844,3426,2,2
1178,8917873,10314,6843,3424,2,3
1179,8917876,10319,6843,3424,2,2
1180,8917879,10318,6844,3425,3,2
1181,8917882,10320,6845,3425,2,3
1182,8917886,10321,6844,3425,2,2
1183,8917889,10323,6845,3426,2,3
1184,8917892,10321,6845,3426,2,3
1185,8917896,10315,6843,3426,2,3
1186,8917899,10324,6844,3425,2,3
1187,8917902,10327,6849,3426,3,3
1188,8917905,10323,6847,3427,2,3
1189,8917909,10323,6847,3426,2,2
1190,8917912,10322,6849,3427,2,2
1191,8917915,10328,6849,3427,2,3
1192,8917919,10323,6847,3426,2,3
1193,8917922,10325,6848,3426,3,2
1194,8917925,10323,6846,3427,2,2
1195,8917928,10322,6846,3426,2,2
1196,8917932,10315,6845,3425,3,4
1197,8917935,10322,6846,3426,3,3
1198,8917938,10322,6845,3426,3,3
1199,8917942,10329,6846,3426,2,3
1200,8917945,10321,6847,3427,2,3
1201,8917948,10319,6845,3425,2,3
1202,8917951,10316,6845,3426,2,3
1203,8917955,10320,6845,3426,2,3
1204,8917958,10318,6844,3425,3,3
1205,8917961,10316,6843,3425,2,3
1206,8917965,10317,6841,3423,2,3
1207,8917968,10316,6842,3423,2,3
1208,8917971,10310,6840,3423,2,3
1209,8917974,10325,6844,3424,2,2
1210,8917978,10325,6847,3426,3,3
1211,8917981,10327,6846,3426,2,3
1212,8917984,10322,6847,3426,3,3
1213,8917988,10314,6843,3425,2,3
1214,8917991,10318,6844,3426,2,2
1215,8917994,10321,6845,3425,2,3
1216,8917997,10316,6842,3425,2,2
1217,8918001,10316,6842,3424,2,3
1218,8918004,10317,6842,3424,2,3
1219,8918007,10317,6842,3424,2,2
1220,8918011,10323,6846,3425,2,3
1221,8918014,10327,6847,3426,2,3
1222,8918017,10327,6846,3427,2,3
1223,8918020,10331,6849,3427,2,3
1224,8918024,10329,6850,3427,2,3
1225,8918027,10327,6850,3427,2,3
1226,8918030,10323,6850,3428,2,3
1227,8918034,10325,6848,3427,2,3
1228,8918037,10326,6847,3427,3,2
1229,8918040,10323,6846,3426,2,2
1230,8918043,10323,6845,3425,2,2
1231,8918047,10316,6844,3426,3,3
1232,8918050,10322,6844,3425,2,3
1233,8918053,10321,6846,3426,2,2
1234,8918057,10323,6845,3426,2,2
1235,8918060,10324,6847,3427,2,3
1236,8918063,10325,6846,3426,1,3
1237,8918066,10326,6847,3426,3,4
1238,8918070,10321,6848,3427,2,2
1239,8918073,10317,6845,3426,3,3
1240,8918076,10326,6846,3426,2,3
1241,8918080,10323,6847,3426,2,3
1242,8918083,10321,6846,3426,2,2
1243,8918086,10319,6846,3427,2,3
1244,8918089,10329,6848,3426,2,3
1245,8918093,10321,6846,3427,3,3
1246,8918096,10321,6845,3426,2,3
1247,8918099,10325,6847,3426,2,2
1248,8918103,10314,6845,3427,2,3
1249,8918106,10318,6844,3425,2,3
1250,8918109,10325,6845,3426,2,3
1251,8918112,10322,6846,3426,2,3
1252,8918116,10320,6846,3426,2,3
1253,8918119,10321,6845,3426,2,2
1254,8918122,10330,6846,3425,2,3
1255,8918126,10329,6848,3427,2,2
1256,8918129,10329,6848,3426,3,3
1257,8918132,10324,6849,3427,2,2
1258,8918135,10319,6847,3427,2,2
1259,8918139,10325,6846,3426,2,3
1260,8918142,10324,6847,3426,2,3
1261,8918145,10315,6846,3426,3,3
1262,8918149,10314,6842,3425,2,3
1263,8918152,10329,6846,3425,2,2
1264,8918155,10321,6847,3427,2,3
1265,8918158,10322,6846,3426,2,2
1266,8918162,10330,6849,3427,2,3
1267,8918165,10328,6850,3428,2,2
1268,8918168,10325,6851,3428,2,3
1269,8918172,10323,6851,3427,2,3
1270,8918175,10322,6847,3426,2,2
1271,8918178,10324,6847,3427,2,3
1272,8918181,10317,6844,3425,2,3
1273,8918185,10320,6844,3425,2,2
1274,8918188,10321,6844,3425,2,2
1275,8918191,10325,6846,3426,3,3
1276,8918195,10313,6844,3425,2,3
1277,8918198,10323,6844,3424,2,3
1278,8918201,10317,6844,3425,3,3
1279,8918204,10318,6843,3424,2,2
1280,8918208,10321,6844,3425,3,3
1281,8918211,10316,6843,3425,2,3
1282,8918214,10319,6845,3425,2,2
1283,8918218,10323,6847,3426,2,3
1284,8918221,10328,6848,3427,2,2
1285,8918224,10320,6846,3427,2,3
1286,8918227,10321,6846,3426,2,3
1287,8918231,10323,6846,3426,2,2
1288,8918234,10324,6846,3426,2,3
1289,8918237,10319,6847,3427,3,3
1290,8918241,10323,6845,3425,2,3
1291,8918244,10314,6843,3425,2,3
1292,8918247,10323,6845,3425,2,3
1293,8918250,10321,6846,3425,2,3
1294,8918254,10329,6849,3427,2,3
1295,8918257,10327,6850,3428,2,2
1296,8918260,10325,6849,3429,2,2
1297,8918264,10329,6850,3429,2,3
1298,8918267,10323,6848,3428,2,3
1299,8918270,10319,6845,3426,3,3
1300,8918273,10325,6845,3425,2,2
1301,8918277,10330,6849,3427,2,3
1302,8918280,10319,6846,3426,3,3
1303,8918283,10324,6845,3426,3,3
1304,8918287,10323,6848,3427,2,2
1305,8918290,10321,6845,3425,2,3
1306,8918293,10324,6847,3426,2,2
1307,8918296,10318,6845,3425,2,3
1308,8918300,10328,6848,3427,2,3
1309,8918303,10327,6848,3427,2,2
1310,8918306,10325,6847,3426,2,3
1311,8918310,10318,6845,3426,2,2
1312,8918313,10318,6843,3425,2,2
1313,8918316,10320,6845,3426,2,3
1314,8918319,10317,6844,3426,2,3
1315,8918323,10322,6846,3426,2,2
1316,8918326,10324,6846,3426,2,2
1317,8918329,10326,6848,3427,2,3
1318,8918333,10325,6849,3427,2,2
1319,8918336,10326,6849,3428,3,3
1320,8918339,10325,6848,3427,2,3
1321,8918342,10330,6853,3429,2,3
1322,8918346,10321,6850,3429,3,2
1323,8918349,10325,6849,3427,2,3
1324,8918352,10324,6847,3427,2,2
1325,8918356,10320,6845,3426,2,3
1326,8918359,10318,6845,3426,3,2
1327,8918362,10325,6845,3426,3,3
1328,8918365,10322,6846,3426,2,3
1329,8918369,10322,6845,3425,2,3
1330,8918372,10321,6846,3426,2,3
1331,8918375,10318,6844,3425,3,3
1332,8918379,10318,6844,3425,3,3
1333,8918382,10324,6845,3425,2,2
1334,8918385,10330,6848,3426,2,3
1335,8918388,10326,6849,3428,2,3
1336,8918392,10322,6848,3427,2,3
1337,8918395,10323,6846,3427,2,2
1338,8918398,10319,6846,3427,2,3
1339,8918402,10318,6844,3425,2,3
1340,8918405,10320,6844,3425,3,2
1341,8918408,10318,6843,3425,2,3
1342,8918411,10323,6845,3426,2,3
1343,8918415,10320,6845,3426,2,3
1344,8918418,10320,6844,3425,3,3
1345,8918421,10325,6847,3427,3,3
1346,8918425,10321,6846,3426,2,2
1347,8918428,10328,6848,3426,3,3
1348,8918431,10330,6853,3429,2,3
1349,8918434,10323,6851,3429,2,2
1350,8918438,10322,6847,3427,2,2
1351,8918441,10331,6850,3427,2,3
1352,8918444,10324,6849,3428,2,2
1353,8918448,10324,6848,3427,2,2
1354,8918451,10326,6848,3427,2,2
1355,8918454,10319,6846,3426,3,3
1356,8918457,10325,6846,3426,3,2
1357,8918461,10319,6846,3426,2,3
1358,8918464,10322,6845,3426,2,3
1359,8918467,10313,6843,3425,2,2
1360,8918471,10319,6841,3422,3,3
1361,8918474,10323,6846,3425,2,3
1362,8918477,10319,6846,3426,2,3
1363,8918480,10322,6846,3426,2,2
1364,8918484,10321,6845,3426,2,3
1365,8918487,10317,6844,3425,2,2
1366,8918490,10320,6843,3425,2,3
1367,8918494,10315,6843,3424,2,2
1368,8918497,10315,6843,3425,3,3
1369,8918500,10323,6844,3425,2,2
1370,8918503,10322,6846,3426,2,2
1371,8918507,10319,6845,3426,2,2
1372,8918510,10328,6847,3426,2,3
1373,8918513,10326,6850,3427,2,2
1374,8918517,10321,6850,3428,3,3
1375,8918520,10317,6847,3427,3,2
1376,8918523,10326,6847,3427,2,3
1377,8918526,10327,6849,3427,2,2
1378,8918530,10329,6850,3428,2,2
1379,8918533,10325,6849,3428,3,2
1380,8918536,10322,6847,3427,2,3
1381,8918540,10323,6847,3427,2,3
1382,8918543,10317,6843,3425,2,3
1383,8918546,10321,6844,3425,2,3
1384,8918549,10316,6843,3425,2,2
1385,8918553,10319,6843,3423,2,3
1386,8918556,10326,6847,3426,3,3
1387,8918559,10321,6847,3427,2,2
1388,8918563,10322,6847,3426,2,2
1389,8918566,10321,6848,3427,2,3
1390,8918569,10320,6846,3426,2,2
1391,8918572,10326,6846,3425,3,3
1392,8918576,10322,6847,3426,3,3
1393,8918579,10323,6847,3426,3,2
1394,8918582,10323,6846,3425,2,2
1395,8918586,10320,6846,3426,2,2
1396,8918589,10323,6845,3425,2,2
1397,8918592,10317,6845,3426,2,2
1398,8918595,10318,6844,3426,2,3
1399,8918599,10320,6843,3425,2,3
1400,8918602,10324,6846,3426,2,3
1401,8918605,10324,6845,3425,3,3
1402,8918609,10321,6847,3426,2,3
1403,8918612,10316,6845,3425,2,3
1404,8918615,10321,6844,3425,2,2
1405,8918618,10323,6845,3425,2,2
1406,8918622,10318,6845,3426,2,2
1407,8918625,10318,6844,3426,2,2
1408,8918628,10316,6843,3424,2,3
1409,8918632,10314,6841,3423,2,4
1410,8918635,10320,6844,3425,2,2
1411,8918638,10320,6844,3425,2,2
1412,8918641,10325,6847,3426,2,3
1413,8918645,10316,6842,3425,2,3
1414,8918648,10328,6845,3425,2,2
1415,8918651,10326,6847,3425,2,3
1416,8918655,10315,6846,3426,3,3
1417,8918658,10323,6844,3425,2,2
1418,8918661,10321,6845,3426,2,2
1419,8918664,10321,6846,3426,2,2
1420,8918668,10319,6845,3426,2,3
1421,8918671,10324,6845,3425,2,3
1422,8918674,10319,6846,3426,2,2
1423,8918678,10317,6843,3424,2,2
1424,8918681,10316,6843,3425,2,3
1425,8918684,10318,6843,3424,2,3
1426,8918687,10317,6841,3424,2,3
1427,8918691,10327,6845,3426,2,2
1428,8918694,10330,6847,3426,2,3
1429,8918697,10325,6847,3426,2,3
1430,8918701,10321,6847,3426,2,3
1431,8918704,10322,6845,3426,2,3
1432,8918707,10324,6847,3426,2,3
1433,8918710,10314,6844,3426,3,3
1434,8918714,10325,6844,3425,2,2
1435,8918717,10322,6847,3425,3,2
1436,8918720,10318,6843,3425,2,3
1437,8918724,10322,6845,3425,3,3
1438,8918727,10319,6845,3425,2,3
1439,8918730,10319,6844,3425,2,3
1440,8918733,10314,6844,3426,2,3
1441,8918737,10319,6844,3425,2,3
1442,8918740,10319,6842,3424,3,3
1443,8918743,10318,6843,3425,2,3
1444,8918747,10316,6843,3425,2,3
1445,8918750,10318,6843,3424,2,2
1446,8918753,10323,6845,3425,2,3
1447,8918756,10313,6842,3425,2,2
1448,8918760,10324,6845,3425,2,3
1449,8918763,10319,6845,3426,2,3
1450,8918766,10316,6842,3425,3,3
1451,8918770,10319,6845,3425,2,2
1452,8918773,10323,6845,3426,2,3
1453,8918776,10322,6846,3426,3,3
1454,8918779,10325,6850,3427,3,3
1455,8918783,10321,6848,3428,2,3
1456,8918786,10321,6847,3427,2,3
1457,8918789,10318,6844,3425,2,3
1458,8918793,10319,6845,3425,2,3
1459,8918796,10320,6843,3424,2,3
1460,8918799,10317,6843,3425,2,2
1461,8918802,10318,6844,3426,3,3
1462,8918806,10318,6843,3425,2,2
1463,8918809,10319,6844,3425,2,3
1464,8918812,10319,6845,3426,2,2
1465,8918816,10317,6842,3424,2,3
1466,8918819,10321,6844,3425,2,3
1467,8918822,10326,6849,3427,2,3
1468,8918825,10321,6848,3427,2,2
1469,8918829,10333,6849,3427,2,2
1470,8918832,10328,6851,3428,2,3
1471,8918835,10319,6846,3427,2,3
1472,8918839,10330,6847,3426,2,3
1473,8918842,10319,6847,3427,2,3
1474,8918845,10315,6841,3424,2,3
1475,8918848,10319,6844,3425,2,2
1476,8918852,10310,6840,3423,2,3
1477,8918855,10317,6841,3424,2,3
1478,8918858,10314,6842,3424,2,3
1479,8918862,10322,6844,3424,2,3
1480,8918865,10321,6844,3425,2,3
1481,8918868,10330,6848,3426,2,3
1482,8918871,10332,6849,3426,2,2
1483,8918875,10319,6847,3426,3,3
1484,8918878,10314,6843,3424,3,2
1485,8918881,10324,6845,3426,2,3
1486,8918885,10315,6844,3425,2,2
1487,8918888,10329,6846,3425,2,3
1488,8918891,10328,6849,3427,2,2
1489,8918894,10325,6847,3427,2,3
1490,8918898,10323,6848,3427,3,2
1491,8918901,10322,6846,3426,2,2
1492,8918904,10318,6845,3426,2,2
1493,8918908,10316,6841,3424,2,3
1494,8918911,10327,6846,3425,2,3
1495,8918914,10321,6844,3425,3,3
1496,8918917,10318,6844,3426,2,3
1497,8918921,10325,6846,3426,3,3
1498,8918924,10325,6847,3426,2,3
1499,8918927,10321,6845,3426,2,3
